{"Products":[
  {"id": "1",
  "title": "pizza",
  "price": 202,
  "image": "https://m.media-amazon.com/images/I/71OBLKaIEaL._AC_UY218_.jpg",
  "description": "fast-food"},
   {"id": "2",
  "title": "burger",
  "price": 60,
  "image": "https://m.media-amazon.com/images/I/81reMW9pNtL._AC_UL320_.jpg",
  "description": "fast-food"},
  {"id": "3",
  "title": "tea",
  "price": 10,
  "image": "https://m.media-amazon.com/images/I/61c0SDhMlVL._AC_UL320_.jpg",
  "description": "tea"},
  {"id": "4",
  "title": "cold-ding",
  "price": 40,
  "image": "https://m.media-amazon.com/images/I/41PTCrTeu0L._AC_UL320_.jpg",
  "description": "cold-drink"},
  {"id": "5",
  "title": "Coffee",
  "price": 40,
  "image": "https://m.media-amazon.com/images/I/71PiszDkulL._AC_UL320_.jpg",
  "description": "coffee"},
  {"id": "6",
  "title": "pizza",
  "price": 202,
  "image": "https://m.media-amazon.com/images/I/71OBLKaIEaL._AC_UY218_.jpg",
  "description": "fast-food"},
   {"id": "7",
  "title": "burger",
  "price": 60,
  "image": "https://m.media-amazon.com/images/I/81reMW9pNtL._AC_UL320_.jpg",
  "description": "fast-food"},
  {"id": "8",
  "title": "tea",
  "price": 10,
  "image": "https://m.media-amazon.com/images/I/61c0SDhMlVL._AC_UL320_.jpg",
  "description": "tea"},
  {"id": "9",
  "title": "cold-ding",
  "price": 10,
  "image": "https://m.media-amazon.com/images/I/41PTCrTeu0L._AC_UL320_.jpg",
  "description": "cold-drink"
  }

]
  }
